Bus_name,Bus_type,Start_time,End_time,Total_duration,Price,Seats_Available,Ratings,Route_link,Route_name
Ashray Travels,Bharat Benz A/C Sleeper (2+1),21:05,09:00,11h 55m,INR 900,19 Seats available,"4.2
683",https://www.redbus.in/bus-tickets/pune-to-goa,Pune to Goa
Ashray Amrutyog,A/C Sleeper (2+1),22:05,09:30,11h 25m,INR 900,20 Seats available,"4.4
528",https://www.redbus.in/bus-tickets/pune-to-goa,Pune to Goa
Ashray Grand,Volvo Multi-Axle A/C Sleeper (2+1),23:00,10:15,11h 15m,INR 1000,19 Seats available,"4.1
503",https://www.redbus.in/bus-tickets/pune-to-goa,Pune to Goa
IntrCity SmartBus,Bharat Benz A/C Seater /Sleeper (2+1),21:15,08:05,10h 50m,INR 600,27 Seats available,"4.5
547",https://www.redbus.in/bus-tickets/pune-to-goa,Pune to Goa
Atmaram Gobus,VE A/C Sleeper (2+1),22:30,08:45,10h 15m,INR 900,17 Seats available,"4.6
558",https://www.redbus.in/bus-tickets/pune-to-goa,Pune to Goa
Gogte Travels,NON A/C Sleeper (2+1),19:30,06:15,10h 45m,INR 701,13 Seats available,"4.1
354",https://www.redbus.in/bus-tickets/pune-to-goa,Pune to Goa
Ashray Vip Yellows,A/C Sleeper (2+1),20:35,08:30,11h 55m,INR 1000,14 Seats available,"4.1
465",https://www.redbus.in/bus-tickets/pune-to-goa,Pune to Goa
Zingbus Plus,Bharat Benz A/C Sleeper (2+1),23:45,10:55,11h 10m,900,25 Seats available,"4.3
449",https://www.redbus.in/bus-tickets/pune-to-goa,Pune to Goa
Atmaram Gobus,VE A/C Sleeper (2+1),21:00,07:30,10h 30m,INR 900,13 Seats available,"4.7
657",https://www.redbus.in/bus-tickets/pune-to-goa,Pune to Goa
IntrCity SmartBus,Bharat Benz A/C Sleeper (2+1),22:30,09:35,11h 05m,INR 900,18 Seats available,"4.2
371",https://www.redbus.in/bus-tickets/pune-to-goa,Pune to Goa
Ashray National Express,NON A/C Sleeper (2+1),20:05,06:45,10h 40m,INR 700,16 Seats available,"4.3
314",https://www.redbus.in/bus-tickets/pune-to-goa,Pune to Goa
Laxmi-Princess Nova,Non A/C Seater / Sleeper (2+1),20:00,07:15,11h 15m,INR 599,16 Seats available,"4.1
287",https://www.redbus.in/bus-tickets/pune-to-goa,Pune to Goa
Gogte Anand Travels,Volvo Multi-Axle I-Shift A/C Sleeper (2+1),21:15,07:55,10h 40m,INR 1001,26 Seats available,"4.1
269",https://www.redbus.in/bus-tickets/pune-to-goa,Pune to Goa
Prasanna - Purple Bus,VE A/C Sleeper (2+1),22:30,09:30,11h 00m,INR 920,27 Seats available,"4.2
301",https://www.redbus.in/bus-tickets/pune-to-goa,Pune to Goa
IntrCity SmartBus,Bharat Benz A/C Sleeper (2+1),20:30,07:25,10h 55m,INR 900,12 Seats available,"4.2
444",https://www.redbus.in/bus-tickets/pune-to-goa,Pune to Goa
Prasanna - Purple Bus,VE A/C Sleeper (2+1),21:30,08:30,11h 00m,INR 920,22 Seats available,"4.0
121",https://www.redbus.in/bus-tickets/pune-to-goa,Pune to Goa
Dolphin Travel House (37),Bharat Benz A/C Sleeper (2+1),19:45,06:00,10h 15m,INR 1110,24 Seats available,"4.0
279",https://www.redbus.in/bus-tickets/pune-to-goa,Pune to Goa
IntrCity SmartBus,AC Sleeper (2+1),22:00,09:35,11h 35m,INR 900,28 Seats available,"4.1
212",https://www.redbus.in/bus-tickets/pune-to-goa,Pune to Goa
Gogte Travels,A/C Sleeper (2+1),20:15,07:00,10h 45m,INR 911,18 Seats available,"4.2
257",https://www.redbus.in/bus-tickets/pune-to-goa,Pune to Goa
Indumati Travels,A/C Sleeper (2+1),22:20,08:30,10h 10m,855,20 Seats available,"4.1
380",https://www.redbus.in/bus-tickets/pune-to-goa,Pune to Goa
Sangitam Travels Tanzanite,A/C Sleeper (2+1),21:00,07:00,10h 00m,INR 905,12 Seats available,"4.2
649",https://www.redbus.in/bus-tickets/pune-to-goa,Pune to Goa
Dolphin Travel House (38),Bharat Benz A/C Sleeper (2+1),20:30,07:30,11h 00m,INR 1010,26 Seats available,"4.4
63",https://www.redbus.in/bus-tickets/pune-to-goa,Pune to Goa
IntrCity SmartBus,AC Sleeper (2+1),23:35,10:15,10h 40m,INR 1000,18 Seats available,"4.3
338",https://www.redbus.in/bus-tickets/pune-to-goa,Pune to Goa
Rajdhani Travels Corporation,VE A/C Sleeper (2+1),23:15,09:35,10h 20m,1100,4 Seats available,"4.2
73",https://www.redbus.in/bus-tickets/pune-to-goa,Pune to Goa
IntrCity SmartBus,AC Sleeper (2+1),22:15,08:45,10h 30m,INR 1000,18 Seats available,"4.2
274",https://www.redbus.in/bus-tickets/pune-to-goa,Pune to Goa
IntrCity SmartBus,AC Sleeper (2+1),21:55,08:45,10h 50m,INR 1000,17 Seats available,"4.3
103",https://www.redbus.in/bus-tickets/pune-to-goa,Pune to Goa
KVT Narmada Benz,Bharat Benz A/C Sleeper (2+1),22:00,08:00,10h 00m,INR 900,26 Seats available,"4.0
16",https://www.redbus.in/bus-tickets/pune-to-goa,Pune to Goa
Atmaram Gobus,NON A/C Sleeper (2+1),20:30,07:00,10h 30m,INR 700,12 Seats available,"3.7
262",https://www.redbus.in/bus-tickets/pune-to-goa,Pune to Goa
Humsafar Travels,Bharat Benz A/C Sleeper (2+1),22:50,09:30,10h 40m,INR 950,23 Seats available,"3.4
296",https://www.redbus.in/bus-tickets/pune-to-goa,Pune to Goa
Ashray Atmaram Divine,NON A/C Sleeper (2+1),19:50,06:45,10h 55m,INR 700,17 Seats available,"3.8
479",https://www.redbus.in/bus-tickets/pune-to-goa,Pune to Goa
Laxmi Queen Prime,A/C Sleeper (2+1),20:30,07:30,11h 00m,INR 900,20 Seats available,"3.7
260",https://www.redbus.in/bus-tickets/pune-to-goa,Pune to Goa
Prasanna - Purple Bus,VE A/C Sleeper (2+1),21:45,08:45,11h 00m,INR 920,27 Seats available,"3.2
123",https://www.redbus.in/bus-tickets/pune-to-goa,Pune to Goa
Prasanna - Purple Bus,VE A/C Sleeper (2+1),22:15,09:30,11h 15m,INR 1520,24 Seats available,"3.9
99",https://www.redbus.in/bus-tickets/pune-to-goa,Pune to Goa
Laxmi Empress Stellar,NON A/C Sleeper (2+1),21:00,08:00,11h 00m,INR 799,12 Seats available,"3.7
185",https://www.redbus.in/bus-tickets/pune-to-goa,Pune to Goa
KVT Narmada Benz,Bharat Benz A/C Sleeper (2+1),21:25,08:01,10h 36m,INR 900,26 Seats available,"3.7
318",https://www.redbus.in/bus-tickets/pune-to-goa,Pune to Goa
Traveltime Travels (Kelkar),NON A/C Seater/ Sleeper (2+1),21:15,08:45,11h 30m,INR 550,19 Seats available,"3.3
174",https://www.redbus.in/bus-tickets/pune-to-goa,Pune to Goa
Anand Ashray Travels,Volvo Multi-Axle A/C Sleeper (2+1),22:30,09:00,10h 30m,INR 1001,26 Seats available,"3.9
402",https://www.redbus.in/bus-tickets/pune-to-goa,Pune to Goa
Gogte Shreyas,A/C Sleeper (2+1),21:45,09:00,11h 15m,INR 901,8 Seats available,"3.7
81",https://www.redbus.in/bus-tickets/pune-to-goa,Pune to Goa
Shreyash Travels,Bharat Benz A/C Sleeper (2+1),21:45,08:30,10h 45m,INR 909,12 Seats available,"3.6
279",https://www.redbus.in/bus-tickets/pune-to-goa,Pune to Goa
Laxmi Queen Asta,A/C Sleeper (2+1),21:30,08:00,10h 30m,INR 900,21 Seats available,"3.7
133",https://www.redbus.in/bus-tickets/pune-to-goa,Pune to Goa
Traveltime Travels (St.Christopher),Non AC Seater (2+2),20:00,07:00,11h 00m,INR 500,22 Seats available,"3.1
115",https://www.redbus.in/bus-tickets/pune-to-goa,Pune to Goa
Abhishek Vishal Travels,A/C Sleeper (2+1),23:00,08:40,09h 40m,INR 1199,18 Seats available,"3.4
20",https://www.redbus.in/bus-tickets/pune-to-goa,Pune to Goa
Dolphin travel house,A/C Sleeper (2+1),23:45,10:45,11h 00m,INR 1010,33 Seats available,"3.5
59",https://www.redbus.in/bus-tickets/pune-to-goa,Pune to Goa
PSR Travels Goa,A/C Sleeper (2+1),23:45,09:30,09h 45m,INR 999,17 Seats available,"3.6
106",https://www.redbus.in/bus-tickets/pune-to-goa,Pune to Goa
Gogte Travels,A/C Sleeper (2+1),20:15,07:45,11h 30m,INR 911,18 Seats available,3.9,https://www.redbus.in/bus-tickets/pune-to-goa,Pune to Goa
Humsafar Travels,Bharat Benz A/C Sleeper (2+1),22:15,09:00,10h 45m,INR 950,23 Seats available,"3.4
6",https://www.redbus.in/bus-tickets/pune-to-goa,Pune to Goa
Gogte Travels,A/C Sleeper (2+1),20:40,07:25,10h 45m,INR 901,22 Seats available,"2.3
5",https://www.redbus.in/bus-tickets/pune-to-goa,Pune to Goa
Hans Travels (I) Private Limited,A/C Sleeper (2+1),23:59,12:14,12h 15m,INR 1200,18 Seats available,"2.0
34",https://www.redbus.in/bus-tickets/pune-to-goa,Pune to Goa
Dolphin Travel House (39),A/C Sleeper (2+1),21:45,08:30,10h 45m,INR 1010,28 Seats available,"2.5
48",https://www.redbus.in/bus-tickets/pune-to-goa,Pune to Goa
VRL Travels,A/C Sleeper (2+1),23:30,09:45,10h 15m,INR 1000,13 Seats available,"2.9
58",https://www.redbus.in/bus-tickets/pune-to-goa,Pune to Goa
Gogte Travels,A/C Sleeper (2+1),20:40,08:10,11h 30m,INR 901,22 Seats available,3.9,https://www.redbus.in/bus-tickets/pune-to-goa,Pune to Goa
Gogte Travels (Manish),Non AC Seater (2+2),19:20,07:30,12h 10m,INR 501,32 Seats available,"3.0
148",https://www.redbus.in/bus-tickets/pune-to-goa,Pune to Goa
PVS Tours and Travels,A/C Sleeper (2+1),00:15,10:15,10h 00m,INR 1000,25 Seats available,3.4,https://www.redbus.in/bus-tickets/pune-to-goa,Pune to Goa
Traveltime Travels (St.Christopher),Non AC Seater (2+2),20:00,07:00,11h 00m,INR 500,22 Seats available,3.2,https://www.redbus.in/bus-tickets/pune-to-goa,Pune to Goa
AAINATH TRAVELS,A/C Sleeper (2+1),21:15,07:00,09h 45m,INR 900,19 Seats available,"1.5
27",https://www.redbus.in/bus-tickets/pune-to-goa,Pune to Goa
Shubhra Sharma Tourist Services,A/C Sleeper (2+1),00:10,10:31,10h 21m,INR 1000,18 Seats available,"2.9
4",https://www.redbus.in/bus-tickets/pune-to-goa,Pune to Goa
Kokan Holidays,NON A/C Seater Push Back (2+2),21:30,09:45,12h 15m,INR 3000,2 Seats available,"1.1
8",https://www.redbus.in/bus-tickets/pune-to-goa,Pune to Goa
Laxmi holidays,Bharat Benz A/C Seater /Sleeper (2+1),19:00,10:45,15h 45m,7600,1 Seat available,4.4,https://www.redbus.in/bus-tickets/pune-to-goa,Pune to Goa
Laxmi holidays,Bharat Benz A/C Seater /Sleeper (2+1),20:30,08:20,11h 50m,7600,1 Seat available,4.4,https://www.redbus.in/bus-tickets/pune-to-goa,Pune to Goa
Shivrameshwar Bane Tours & Travels,A/C Sleeper (2+1),21:50,07:45,09h 55m,INR 5000,30 Seats available,3.8,https://www.redbus.in/bus-tickets/pune-to-goa,Pune to Goa
Shivrameshwar Bane Tours & Travels,A/C Sleeper (2+1),00:20,10:15,09h 55m,INR 5000,30 Seats available,3.8,https://www.redbus.in/bus-tickets/pune-to-goa,Pune to Goa
Jay khodiyar travels,VE A/C Sleeper (2+1),23:58,13:10,13h 12m,INR 2500,42 Seats available,3.6,https://www.redbus.in/bus-tickets/pune-to-goa,Pune to Goa
PVS Tours and Travels,A/C Seater Push Back (2+2),00:00,10:00,10h 00m,INR 900,28 Seats available,3.4,https://www.redbus.in/bus-tickets/pune-to-goa,Pune to Goa
PVS Tours and Travels,A/C Sleeper (2+1),00:30,10:15,09h 45m,INR 1000,18 Seats available,3.4,https://www.redbus.in/bus-tickets/pune-to-goa,Pune to Goa
SAI BHAKTI HOLIDAYS,A/C Sleeper (2+1),21:10,09:00,11h 50m,INR 5000,30 Seats available,2.2,https://www.redbus.in/bus-tickets/pune-to-goa,Pune to Goa
Kadamba Transport Corporation Limited (KTCL) - 6032,Non AC Seater 2+2,18:00,08:00,14h 00m,INR 600,6 Seats available,"4.1
176",https://www.redbus.in/bus-tickets/goa-to-pune,Goa to Pune
IntrCity SmartBus,Bharat Benz A/C Seater /Sleeper (2+1),20:30,06:45,10h 15m,INR 864,20 Seats available,"4.6
598",https://www.redbus.in/bus-tickets/goa-to-pune,Goa to Pune
Ashray Travels,Bharat Benz A/C Sleeper (2+1),22:30,10:00,11h 30m,INR 1399,14 Seats available,"4.3
657",https://www.redbus.in/bus-tickets/goa-to-pune,Goa to Pune
AdIntrCity SmartBus,AC Sleeper (2+1),19:00,05:30,10h 30m,INR 1352,15 Seats available,"4.3
339",https://www.redbus.in/bus-tickets/goa-to-pune,Goa to Pune
Ashray Travels,Non A/C Seater / Sleeper (2+1),20:00,06:30,10h 30m,INR 700,17 Seats available,"4.4
796",https://www.redbus.in/bus-tickets/goa-to-pune,Goa to Pune
Prasanna - Purple Bus,VE A/C Sleeper (2+1),17:00,05:00,12h 00m,INR 1320,18 Seats available,"4.2
267",https://www.redbus.in/bus-tickets/goa-to-pune,Goa to Pune
Prasanna - Purple Bus,VE A/C Sleeper (2+1),18:00,06:15,12h 15m,INR 1320,16 Seats available,"4.1
234",https://www.redbus.in/bus-tickets/goa-to-pune,Goa to Pune
Amrutyog Travels,A/C Sleeper (2+1),20:00,07:22,11h 22m,INR 1111,24 Seats available,"4.1
320",https://www.redbus.in/bus-tickets/goa-to-pune,Goa to Pune
IntrCity SmartBus,AC Sleeper (2+1),21:00,07:05,10h 05m,INR 1654,13 Seats available,"4.6
325",https://www.redbus.in/bus-tickets/goa-to-pune,Goa to Pune
Atmaram Gobus,VE A/C Sleeper (2+1),21:32,07:02,09h 30m,INR 1499,13 Seats available,"4.7
722",https://www.redbus.in/bus-tickets/goa-to-pune,Goa to Pune
Sangitam Travels Tanzanite,A/C Sleeper (2+1),21:00,07:30,10h 30m,INR 1400,10 Seats available,"4.4
685",https://www.redbus.in/bus-tickets/goa-to-pune,Goa to Pune
Atmaram Travels ( Ashray ),A/C Sleeper (2+1),22:02,10:10,12h 08m,INR 1299,22 Seats available,"4.2
48",https://www.redbus.in/bus-tickets/goa-to-pune,Goa to Pune
Atmaram Travels ( Gogte ),A/C Sleeper (2+1),19:02,06:00,10h 58m,INR 1199,18 Seats available,"4.3
35",https://www.redbus.in/bus-tickets/goa-to-pune,Goa to Pune
Indumati Travels,A/C Sleeper (2+1),21:00,07:00,10h 00m,1131,23 Seats available,"4.1
364",https://www.redbus.in/bus-tickets/goa-to-pune,Goa to Pune
IntrCity SmartBus,AC Sleeper (2+1),18:30,05:25,10h 55m,INR 1448,11 Seats available,"4.5
373",https://www.redbus.in/bus-tickets/goa-to-pune,Goa to Pune
Atmaram Gobus,VE A/C Sleeper (2+1),22:30,07:45,09h 15m,INR 1799,9 Seats available,"4.8
626",https://www.redbus.in/bus-tickets/goa-to-pune,Goa to Pune
Giroba Travels (Shree),A/C Sleeper (2+1),19:00,06:30,11h 30m,INR 1099,11 Seats available,"4.0
11",https://www.redbus.in/bus-tickets/goa-to-pune,Goa to Pune
IntrCity SmartBus,Bharat Benz A/C Sleeper (2+1),21:30,07:45,10h 15m,INR 1402,14 Seats available,"4.4
523",https://www.redbus.in/bus-tickets/goa-to-pune,Goa to Pune
Atmaram Gobus,NON A/C Sleeper (2+1),20:01,06:31,10h 30m,INR 1099,13 Seats available,"4.1
152",https://www.redbus.in/bus-tickets/goa-to-pune,Goa to Pune
IntrCity SmartBus,Bharat Benz A/C Sleeper (2+1),20:00,06:15,10h 15m,INR 1413,11 Seats available,"4.3
484",https://www.redbus.in/bus-tickets/goa-to-pune,Goa to Pune
Atmaram Travels (Vishal),A/C Sleeper (2+1),17:30,07:20,13h 50m,INR 1299,20 Seats available,"4.1
9",https://www.redbus.in/bus-tickets/goa-to-pune,Goa to Pune
Ashray Grand,Volvo Multi-Axle A/C Sleeper (2+1),22:00,09:30,11h 30m,INR 1330,25 Seats available,"4.0
450",https://www.redbus.in/bus-tickets/goa-to-pune,Goa to Pune
Laxmi Empress Stellar,NON A/C Sleeper (2+1),19:45,06:45,11h 00m,INR 1099,5 Seats available,"4.0
190",https://www.redbus.in/bus-tickets/goa-to-pune,Goa to Pune
"National Travels,Goa",NON A/C Sleeper (2+1),19:00,06:20,11h 20m,INR 1099,6 Seats available,"4.4
99",https://www.redbus.in/bus-tickets/goa-to-pune,Goa to Pune
IntrCity SmartBus,AC Sleeper (2+1),19:30,05:40,10h 10m,INR 1426,13 Seats available,"4.5
295",https://www.redbus.in/bus-tickets/goa-to-pune,Goa to Pune
Zingbus Plus,VE A/C Sleeper (2+1),20:50,07:10,10h 20m,1412,5 Seats available,"4.5
219",https://www.redbus.in/bus-tickets/goa-to-pune,Goa to Pune
Rajdhani Travels Corporation,VE A/C Sleeper (2+1),18:00,06:10,12h 10m,1500,1 Seat available,"4.4
146",https://www.redbus.in/bus-tickets/goa-to-pune,Goa to Pune
PSR Travels (Vaibhav),A/C Sleeper (2+1),22:30,07:30,09h 00m,INR 1599,26 Seats available,"3.6
34",https://www.redbus.in/bus-tickets/goa-to-pune,Goa to Pune
Atmaram Travels (Dolphin),A/C Sleeper (2+1),14:00,01:00,11h 00m,INR 1499,20 Seats available,"3.8
129",https://www.redbus.in/bus-tickets/goa-to-pune,Goa to Pune
Atmaram Travels(KVT Narmada Red),Bharat Benz A/C Sleeper (2+1),21:16,07:31,10h 15m,INR 1250,19 Seats available,"3.8
339",https://www.redbus.in/bus-tickets/goa-to-pune,Goa to Pune
Anand Ashray Travels,Volvo Multi-Axle A/C Sleeper (2+1),22:45,09:55,11h 10m,INR 1001,28 Seats available,"3.7
72",https://www.redbus.in/bus-tickets/goa-to-pune,Goa to Pune
Atmaram Travels ( Gogte ),NON A/C Sleeper (2+1),21:01,07:31,10h 30m,INR 1099,24 Seats available,"3.4
339",https://www.redbus.in/bus-tickets/goa-to-pune,Goa to Pune
Atmaram Travels (Shreyas),Bharat Benz A/C Sleeper (2+1),20:03,06:33,10h 30m,INR 1199,16 Seats available,"3.4
352",https://www.redbus.in/bus-tickets/goa-to-pune,Goa to Pune
Atmaram Travels (Dolphin),A/C Sleeper (2+1),15:00,02:30,11h 30m,INR 1399,21 Seats available,"3.7
134",https://www.redbus.in/bus-tickets/goa-to-pune,Goa to Pune
Anand Ashray Travels,Volvo Multi-Axle I-Shift A/C Sleeper (2+1),21:00,09:10,36h 10m,INR 1001,29 Seats available,"3.6
365",https://www.redbus.in/bus-tickets/goa-to-pune,Goa to Pune
Laxmi Queen Prime,A/C Sleeper (2+1),19:30,06:30,11h 00m,INR 1199,9 Seats available,"3.8
240",https://www.redbus.in/bus-tickets/goa-to-pune,Goa to Pune
Atmaram Gobus,NON A/C Sleeper (2+1),19:01,05:31,10h 30m,INR 1150,15 Seats available,"3.9
320",https://www.redbus.in/bus-tickets/goa-to-pune,Goa to Pune
Atmaram Travels (Humsafar),Bharat Benz A/C Sleeper (2+1),19:30,05:00,09h 30m,INR 1299,15 Seats available,"3.8
265",https://www.redbus.in/bus-tickets/goa-to-pune,Goa to Pune
Laxmi-Princess Nova,Non A/C Seater / Sleeper (2+1),19:00,06:30,11h 30m,INR 799,10 Seats available,"3.9
292",https://www.redbus.in/bus-tickets/goa-to-pune,Goa to Pune
Anand Ashray Travels,Volvo Multi-Axle A/C Sleeper (2+1),20:00,08:35,12h 35m,INR 1001,19 Seats available,"3.9
255",https://www.redbus.in/bus-tickets/goa-to-pune,Goa to Pune
VRL Travels,A/C Sleeper (2+1),19:30,05:30,10h 00m,INR 1800,11 Seats available,"3.7
57",https://www.redbus.in/bus-tickets/goa-to-pune,Goa to Pune
Atmaram Travels (Dolphin),AC Sleeper (2+1),18:30,05:30,11h 00m,INR 1250,17 Seats available,"3.5
47",https://www.redbus.in/bus-tickets/goa-to-pune,Goa to Pune
Laxmi Queen Asta,A/C Sleeper (2+1),20:30,07:00,10h 30m,INR 1199,2 Seats available,"3.9
153",https://www.redbus.in/bus-tickets/goa-to-pune,Goa to Pune
Atmaram Travels (Vishal),Non AC Seater (2+2),18:10,06:05,11h 55m,INR 850,4 Seats available,"3.4
12",https://www.redbus.in/bus-tickets/goa-to-pune,Goa to Pune
Atmaram Travels (Unity),A/C Sleeper (2+1),20:00,07:00,11h 00m,INR 1250,18 Seats available,"3.8
79",https://www.redbus.in/bus-tickets/goa-to-pune,Goa to Pune
PSR Travels Goa,A/C Sleeper (2+1),19:15,06:00,10h 45m,INR 1499,20 Seats available,"3.4
83",https://www.redbus.in/bus-tickets/goa-to-pune,Goa to Pune
VAILANKANNI TRAVELS,VE A/C Sleeper (2+1),18:30,06:55,12h 25m,INR 1200,10 Seats available,"3.6
43",https://www.redbus.in/bus-tickets/goa-to-pune,Goa to Pune
Atmaram Travels(M.Dev),A/C Sleeper (2+1),22:00,08:00,10h 00m,INR 1200,29 Seats available,"3.8
136",https://www.redbus.in/bus-tickets/goa-to-pune,Goa to Pune
Manish Travels,NON A/C Seater (2+2),16:45,05:35,12h 50m,INR 600,26 Seats available,"2.3
115",https://www.redbus.in/bus-tickets/goa-to-pune,Goa to Pune
Atmaram Travels (Dolphin),A/C Sleeper (2+1),16:30,03:30,11h 00m,INR 1599,16 Seats available,"2.8
40",https://www.redbus.in/bus-tickets/goa-to-pune,Goa to Pune
Atmaram Travels (Dolphin),A/C Sleeper (2+1),15:30,02:30,11h 00m,INR 1450,24 Seats available,"3.1
6",https://www.redbus.in/bus-tickets/goa-to-pune,Goa to Pune
Manish Patil Travels,A/C Sleeper (2+1),15:30,03:00,11h 30m,INR 1400,4 Seats available,"2.4
11",https://www.redbus.in/bus-tickets/goa-to-pune,Goa to Pune
Atmaram Travels (Dolphin),A/C Sleeper (2+1),19:30,08:40,13h 10m,INR 1199,24 Seats available,"2.5
9",https://www.redbus.in/bus-tickets/goa-to-pune,Goa to Pune
Giroba Travels (Kelkar),Non A/C Seater / Sleeper (2+1),17:45,05:30,11h 45m,INR 1099,5 Seats available,"3.7
63",https://www.redbus.in/bus-tickets/goa-to-pune,Goa to Pune
Atmaram Travels(GTA),A/C Sleeper (2+1),19:00,06:00,11h 00m,INR 1250,22 Seats available,"3.7
58",https://www.redbus.in/bus-tickets/goa-to-pune,Goa to Pune
Jay khodiyar travels,VE A/C Sleeper (2+1),15:00,02:45,11h 45m,INR 1400,22 Seats available,3.6,https://www.redbus.in/bus-tickets/goa-to-pune,Goa to Pune
Prasanna - Purple Bus,VE A/C Sleeper (2+1),21:00,06:15,09h 15m,INR 1395,18 Seats available,"3.6
41",https://www.redbus.in/bus-tickets/goa-to-pune,Goa to Pune
Atmaram Travels (Vaibhav),A/C Sleeper (2+1),22:31,08:31,10h 00m,INR 1250,26 Seats available,"2.7
32",https://www.redbus.in/bus-tickets/goa-to-pune,Goa to Pune
Jolly Tours and Travels,VE A/C Sleeper (2+1),17:30,04:45,11h 15m,INR 1700,19 Seats available,"3.6
4",https://www.redbus.in/bus-tickets/goa-to-pune,Goa to Pune
Jolly Tours and Travels,A/C Sleeper (2+1),18:30,05:45,11h 15m,INR 1450,26 Seats available,"1.9
7",https://www.redbus.in/bus-tickets/goa-to-pune,Goa to Pune
Manish Sharma Travels,A/C Sleeper (2+1),20:00,05:45,09h 45m,INR 1500,1 Seat available,"1.7
6",https://www.redbus.in/bus-tickets/goa-to-pune,Goa to Pune
Laxmi holidays,Bharat Benz A/C Seater /Sleeper (2+1),21:00,07:00,10h 00m,7600,1 Seat available,4.4,https://www.redbus.in/bus-tickets/goa-to-pune,Goa to Pune
Kokan Holidays - Muskan,NON A/C Sleeper (2+1),16:00,04:43,12h 43m,INR 3000,26 Seats available,1.8,https://www.redbus.in/bus-tickets/goa-to-pune,Goa to Pune
Jolly Tours and Travels,A/C Seater (2+2),18:30,05:45,11h 15m,INR 1800,40 Seats available,3.6,https://www.redbus.in/bus-tickets/goa-to-pune,Goa to Pune
Kokan Holidays,NON A/C Sleeper (2+1),18:02,06:00,11h 58m,INR 3000,32 Seats available,1.8,https://www.redbus.in/bus-tickets/goa-to-pune,Goa to Pune
Kadamba Transport Corporation Limited (KTCL) - 97386,Volvo AC Seater Pushback 2+2,17:05,06:00,12h 55m,INR 1000,8 Seats available,"3.6
357",https://www.redbus.in/bus-tickets/mumbai-to-goa,Mumbai to Goa
Dolphin Travel House (37),Bharat Benz A/C Sleeper (2+1),13:00,06:00,17h 00m,INR 1110,18 Seats available,"4.3
293",https://www.redbus.in/bus-tickets/mumbai-to-goa,Mumbai to Goa
IntrCity SmartBus,AC Sleeper (2+1),17:00,08:45,15h 45m,INR 1000,17 Seats available,"4.3
465",https://www.redbus.in/bus-tickets/mumbai-to-goa,Mumbai to Goa
Dolphin Travel House (38),Bharat Benz A/C Sleeper (2+1),14:30,07:30,17h 00m,INR 1010,26 Seats available,"4.0
272",https://www.redbus.in/bus-tickets/mumbai-to-goa,Mumbai to Goa
IntrCity SmartBus,AC Sleeper (2+1),19:40,10:15,14h 35m,INR 1000,16 Seats available,"4.4
428",https://www.redbus.in/bus-tickets/mumbai-to-goa,Mumbai to Goa
Atmaram Manish Travels,NON A/C Seater (2+2),15:00,07:15,16h 15m,INR 700,17 Seats available,"4.5
12",https://www.redbus.in/bus-tickets/mumbai-to-goa,Mumbai to Goa
Konkan Travels National,A/C Sleeper (2+1),18:00,10:55,16h 55m,INR 1000,16 Seats available,"4.0
104",https://www.redbus.in/bus-tickets/mumbai-to-goa,Mumbai to Goa
Zingbus Plus,Bharat Benz A/C Sleeper (2+1),18:00,10:55,16h 55m,1000,25 Seats available,"4.4
451",https://www.redbus.in/bus-tickets/mumbai-to-goa,Mumbai to Goa
Zingbus Plus,VE A/C Sleeper (2+1),20:00,11:55,15h 55m,1000,17 Seats available,"4.5
594",https://www.redbus.in/bus-tickets/mumbai-to-goa,Mumbai to Goa
IntrCity SmartBus,AC Sleeper (2+1),16:30,08:45,16h 15m,INR 1000,18 Seats available,"4.5
424",https://www.redbus.in/bus-tickets/mumbai-to-goa,Mumbai to Goa
Rajdhani Travels Corporation,VE A/C Sleeper (2+1),19:55,09:35,13h 40m,1100,4 Seats available,"4.2
297",https://www.redbus.in/bus-tickets/mumbai-to-goa,Mumbai to Goa
Rajdhani Travels Corporation,A/C Sleeper (2+1),20:55,10:05,13h 10m,1100,12 Seats available,"4.9
11",https://www.redbus.in/bus-tickets/mumbai-to-goa,Mumbai to Goa
Jolly Tours and Travels,VE A/C Sleeper (2+1),18:35,07:05,12h 30m,INR 1700,13 Seats available,"4.0
231",https://www.redbus.in/bus-tickets/mumbai-to-goa,Mumbai to Goa
Shubhra Sharma Tourist Services,A/C Sleeper (2+1),16:46,10:31,17h 45m,INR 1000,18 Seats available,"4.0
7",https://www.redbus.in/bus-tickets/mumbai-to-goa,Mumbai to Goa
Laxmi holidays,Bharat Benz A/C Seater /Sleeper (2+1),19:00,10:45,15h 45m,7600,1 Seat available,4.4,https://www.redbus.in/bus-tickets/mumbai-to-goa,Mumbai to Goa
Shubham Vailankanni Travels,VE A/C Sleeper (2+1),17:30,10:15,16h 45m,INR 1000,21 Seats available,"4.8
4",https://www.redbus.in/bus-tickets/mumbai-to-goa,Mumbai to Goa
Mascot Travels(M.Dev),A/C Sleeper (2+1),17:30,10:45,17h 15m,INR 1000,23 Seats available,"3.7
245",https://www.redbus.in/bus-tickets/mumbai-to-goa,Mumbai to Goa
Mascot Travels(M.Dev),A/C Sleeper (2+1),19:00,12:00,17h 00m,INR 1000,20 Seats available,"3.6
150",https://www.redbus.in/bus-tickets/mumbai-to-goa,Mumbai to Goa
Dolphin Travel House (40),A/C Sleeper (2+1),20:00,13:15,17h 15m,INR 1010,23 Seats available,"3.4
165",https://www.redbus.in/bus-tickets/mumbai-to-goa,Mumbai to Goa
Dolphin travel house,A/C Sleeper (2+1),17:45,10:45,17h 00m,INR 1010,29 Seats available,"3.6
139",https://www.redbus.in/bus-tickets/mumbai-to-goa,Mumbai to Goa
Dolphin Travel House (39),A/C Sleeper (2+1),15:45,08:30,16h 45m,INR 1010,28 Seats available,"3.6
191",https://www.redbus.in/bus-tickets/mumbai-to-goa,Mumbai to Goa
Atmaram Manish Travels,A/C Sleeper (2+1),16:50,09:15,16h 25m,INR 1000,8 Seats available,"3.9
18",https://www.redbus.in/bus-tickets/mumbai-to-goa,Mumbai to Goa
Konkan Travels National,NON A/C Sleeper (2+1),19:25,09:45,14h 20m,INR 800,5 Seats available,"3.8
125",https://www.redbus.in/bus-tickets/mumbai-to-goa,Mumbai to Goa
Naik Tours And Travels,NON A/C Sleeper (2+1),14:25,06:45,16h 20m,INR 800,19 Seats available,"3.8
77",https://www.redbus.in/bus-tickets/mumbai-to-goa,Mumbai to Goa
Shubhra Sharma Tourist Service,A/C Sleeper (2+1),16:50,10:20,17h 30m,INR 1000,18 Seats available,"3.8
8",https://www.redbus.in/bus-tickets/mumbai-to-goa,Mumbai to Goa
Atmaram Manish Travels,A/C Sleeper (2+1),16:50,09:05,16h 15m,INR 1000,7 Seats available,"3.3
15",https://www.redbus.in/bus-tickets/mumbai-to-goa,Mumbai to Goa
Atmaram Travels,NON A/C Sleeper (2+1),16:45,09:00,16h 15m,INR 1000,7 Seats available,"3.8
6",https://www.redbus.in/bus-tickets/mumbai-to-goa,Mumbai to Goa
Sanvi Travels - Shree,A/C Sleeper (2+1),17:00,09:30,16h 30m,INR 1000,13 Seats available,"3.6
53",https://www.redbus.in/bus-tickets/mumbai-to-goa,Mumbai to Goa
Sanvi Travels - Shree,A/C Sleeper (2+1),19:00,10:00,15h 00m,INR 5000,30 Seats available,3.9,https://www.redbus.in/bus-tickets/mumbai-to-goa,Mumbai to Goa
Vaibhav travels,A/C Sleeper (2+1),18:00,12:00,18h 00m,INR 1000,23 Seats available,"3.8
200",https://www.redbus.in/bus-tickets/mumbai-to-goa,Mumbai to Goa
Shubham Saijyoti Travels,A/C Sleeper (2+1),19:30,11:30,16h 00m,INR 1000,22 Seats available,"3.7
30",https://www.redbus.in/bus-tickets/mumbai-to-goa,Mumbai to Goa
Shubham Vailankanni Travels,VE A/C Sleeper (2+1),21:00,12:35,15h 35m,INR 1000,29 Seats available,"3.3
214",https://www.redbus.in/bus-tickets/mumbai-to-goa,Mumbai to Goa
Dolphin travel house,Bharat Benz A/C Sleeper (2+1),21:30,13:15,15h 45m,INR 1110,22 Seats available,"3.7
104",https://www.redbus.in/bus-tickets/mumbai-to-goa,Mumbai to Goa
PVS Tours and Travels,A/C Seater Push Back (2+2),19:50,10:00,14h 10m,INR 900,26 Seats available,3.4,https://www.redbus.in/bus-tickets/mumbai-to-goa,Mumbai to Goa
Shivrameshwar Bane Tours & Travels,A/C Sleeper (2+1),15:30,07:45,16h 15m,INR 5000,30 Seats available,3.8,https://www.redbus.in/bus-tickets/mumbai-to-goa,Mumbai to Goa
Shivrameshwar Bane Tours & Travels,A/C Sleeper (2+1),18:00,10:15,16h 15m,INR 5000,30 Seats available,3.8,https://www.redbus.in/bus-tickets/mumbai-to-goa,Mumbai to Goa
Dolphin travel house,A/C Sleeper (2+1),19:00,11:45,16h 45m,INR 1010,22 Seats available,"3.1
45",https://www.redbus.in/bus-tickets/mumbai-to-goa,Mumbai to Goa
Vaibhav travels,A/C Sleeper (2+1),19:15,11:30,16h 15m,INR 3000,36 Seats available,3.1,https://www.redbus.in/bus-tickets/mumbai-to-goa,Mumbai to Goa
PVS Tours and Travels,A/C Sleeper (2+1),20:05,10:15,14h 10m,INR 1000,23 Seats available,3.4,https://www.redbus.in/bus-tickets/mumbai-to-goa,Mumbai to Goa
Manish Muskaan Travels,NON A/C Sleeper (2+1),16:30,07:30,15h 00m,INR 1000,23 Seats available,"1.4
13",https://www.redbus.in/bus-tickets/mumbai-to-goa,Mumbai to Goa
Konkan Travels Mujawar,NON A/C Sleeper (2+1),18:50,11:45,16h 55m,INR 800,6 Seats available,"2.6
19",https://www.redbus.in/bus-tickets/mumbai-to-goa,Mumbai to Goa
Abhishek Vishal Travels,A/C Sleeper (2+1),16:00,08:40,16h 40m,INR 1199,17 Seats available,"2.1
10",https://www.redbus.in/bus-tickets/mumbai-to-goa,Mumbai to Goa
VRL Travels,A/C Sleeper (2+1),19:00,09:45,14h 45m,INR 1000,13 Seats available,"2.8
127",https://www.redbus.in/bus-tickets/mumbai-to-goa,Mumbai to Goa
Jolly Tours and Travels,A/C Sleeper (2+1),18:30,07:05,12h 35m,INR 2000,20 Seats available,"2.3
70",https://www.redbus.in/bus-tickets/mumbai-to-goa,Mumbai to Goa
Mascot Travels(Patil),A/C Sleeper (2+1),16:15,09:15,17h 00m,INR 1000,27 Seats available,"2.3
17",https://www.redbus.in/bus-tickets/mumbai-to-goa,Mumbai to Goa
Manish Muskaan Travels,NON A/C Sleeper (2+1),17:00,08:00,15h 00m,INR 849,30 Seats available,2.3,https://www.redbus.in/bus-tickets/mumbai-to-goa,Mumbai to Goa
PVS Tours and Travels,A/C Sleeper (2+1),20:05,10:15,14h 10m,INR 1000,18 Seats available,"2.6
7",https://www.redbus.in/bus-tickets/mumbai-to-goa,Mumbai to Goa
AAINATH TRAVELS,A/C Sleeper (2+1),15:10,07:00,15h 50m,INR 999,14 Seats available,"1.1
29",https://www.redbus.in/bus-tickets/mumbai-to-goa,Mumbai to Goa
GANESH PRASAD TRAVELS,NON A/C Seater (2+2),20:00,09:55,13h 55m,INR 2500,49 Seats available,2.5,https://www.redbus.in/bus-tickets/mumbai-to-goa,Mumbai to Goa
GANESH PRASAD TRAVELS,A/C Seater (2+2),21:00,10:55,13h 55m,INR 2500,49 Seats available,2.5,https://www.redbus.in/bus-tickets/mumbai-to-goa,Mumbai to Goa
SAI BHAKTI HOLIDAYS,A/C Sleeper (2+1),17:30,11:00,17h 30m,INR 5000,30 Seats available,2.2,https://www.redbus.in/bus-tickets/mumbai-to-goa,Mumbai to Goa
SAI BHAKTI HOLIDAYS,A/C Sleeper (2+1),15:30,09:00,17h 30m,INR 5000,30 Seats available,2.2,https://www.redbus.in/bus-tickets/mumbai-to-goa,Mumbai to Goa
Kadamba Transport Corporation Limited (KTCL) - 116186,Volvo AC Seater 2+2,18:30,08:00,13h 30m,INR 1100,3 Seats available,"4.2
331",https://www.redbus.in/bus-tickets/goa-to-mumbai,Goa to Mumbai
Atmaram Travels (Dolphin),A/C Sleeper (2+1),15:30,06:15,14h 45m,INR 1450,21 Seats available,"4.1
13",https://www.redbus.in/bus-tickets/goa-to-mumbai,Goa to Mumbai
Atmaram Travels (Vishal),A/C Sleeper (2+1),17:30,08:30,15h 00m,INR 1299,17 Seats available,"4.3
29",https://www.redbus.in/bus-tickets/goa-to-mumbai,Goa to Mumbai
AdJolly Tours and Travels,VE A/C Sleeper (2+1),18:25,06:30,12h 05m,INR 1700,18 Seats available,"3.9
143",https://www.redbus.in/bus-tickets/goa-to-mumbai,Goa to Mumbai
Atmaram Travels (Unity),A/C Sleeper (2+1),20:00,11:05,15h 05m,INR 1250,15 Seats available,"4.1
303",https://www.redbus.in/bus-tickets/goa-to-mumbai,Goa to Mumbai
Naik Tours And Travels,NON A/C Sleeper (2+1),16:20,06:45,14h 25m,INR 1500,10 Seats available,"4.3
82",https://www.redbus.in/bus-tickets/goa-to-mumbai,Goa to Mumbai
IntrCity SmartBus,AC Sleeper (2+1),18:30,09:00,14h 30m,INR 1609,11 Seats available,"4.2
397",https://www.redbus.in/bus-tickets/goa-to-mumbai,Goa to Mumbai
IntrCity SmartBus,AC Sleeper (2+1),19:30,09:40,14h 10m,INR 1585,12 Seats available,"4.5
429",https://www.redbus.in/bus-tickets/goa-to-mumbai,Goa to Mumbai
Rajdhani Travels Corporation,A/C Sleeper (2+1),18:30,06:15,11h 45m,1500,13 Seats available,4.2,https://www.redbus.in/bus-tickets/goa-to-mumbai,Goa to Mumbai
Sai Travels - SaI Jyoti,A/C Sleeper (2+1),18:30,08:00,13h 30m,INR 1200,16 Seats available,"4.2
6",https://www.redbus.in/bus-tickets/goa-to-mumbai,Goa to Mumbai
IntrCity SmartBus,AC Sleeper (2+1),21:00,11:20,14h 20m,INR 1609,13 Seats available,"4.2
357",https://www.redbus.in/bus-tickets/goa-to-mumbai,Goa to Mumbai
VAILANKANNI TRAVELS,VE A/C Sleeper (2+1),16:25,06:55,14h 30m,INR 1300,3 Seats available,"4.9
15",https://www.redbus.in/bus-tickets/goa-to-mumbai,Goa to Mumbai
Zingbus Plus,VE A/C Sleeper (2+1),20:25,11:55,15h 30m,1484,5 Seats available,"4.5
556",https://www.redbus.in/bus-tickets/goa-to-mumbai,Goa to Mumbai
"National Travels,Goa",NON A/C Sleeper (2+1),18:30,07:30,13h 00m,INR 1300,1 Seat available,"4.1
220",https://www.redbus.in/bus-tickets/goa-to-mumbai,Goa to Mumbai
Rajdhani Travels Corporation,VE A/C Sleeper (2+1),19:30,08:10,12h 40m,1500,1 Seat available,"4.2
273",https://www.redbus.in/bus-tickets/goa-to-mumbai,Goa to Mumbai
Atmaram Travels (Dolphin),A/C Sleeper (2+1),14:00,05:00,15h 00m,INR 1499,20 Seats available,"4.0
318",https://www.redbus.in/bus-tickets/goa-to-mumbai,Goa to Mumbai
"National Travels,Goa",A/C Sleeper (2+1),19:30,10:30,15h 00m,INR 1400,6 Seats available,"4.2
227",https://www.redbus.in/bus-tickets/goa-to-mumbai,Goa to Mumbai
Atmaram Travels(GTA),A/C Sleeper (2+1),19:00,09:35,14h 35m,INR 1250,19 Seats available,"4.0
247",https://www.redbus.in/bus-tickets/goa-to-mumbai,Goa to Mumbai
Atmaram Travels (Dolphin),A/C Sleeper (2+1),19:30,10:10,14h 40m,INR 1199,25 Seats available,"4.0
55",https://www.redbus.in/bus-tickets/goa-to-mumbai,Goa to Mumbai
Atmaram Travels (Dolphin),A/C Sleeper (2+1),15:00,05:50,14h 50m,INR 1399,21 Seats available,"4.0
292",https://www.redbus.in/bus-tickets/goa-to-mumbai,Goa to Mumbai
Laxmi holidays,Bharat Benz A/C Seater /Sleeper (2+1),21:00,11:20,14h 20m,7600,1 Seat available,4.4,https://www.redbus.in/bus-tickets/goa-to-mumbai,Goa to Mumbai
Atmaram Travels(M.Dev),A/C Sleeper (2+1),21:02,10:27,13h 25m,INR 1199,29 Seats available,"3.4
184",https://www.redbus.in/bus-tickets/goa-to-mumbai,Goa to Mumbai
Atmaram Travels (Vishal),Non AC Seater (2+2),18:10,09:20,15h 10m,INR 850,4 Seats available,"3.8
88",https://www.redbus.in/bus-tickets/goa-to-mumbai,Goa to Mumbai
Atmaram Travels (Dolphin),A/C Sleeper (2+1),16:30,07:15,14h 45m,INR 1299,21 Seats available,"3.8
287",https://www.redbus.in/bus-tickets/goa-to-mumbai,Goa to Mumbai
Manish Patil Travels,A/C Sleeper (2+1),17:00,07:00,14h 00m,INR 1400,4 Seats available,"3.3
13",https://www.redbus.in/bus-tickets/goa-to-mumbai,Goa to Mumbai
VRL Travels,A/C Sleeper (2+1),19:30,10:00,14h 30m,INR 1800,11 Seats available,"3.5
132",https://www.redbus.in/bus-tickets/goa-to-mumbai,Goa to Mumbai
PSR Travels (Vaibhav),A/C Sleeper (2+1),22:30,12:30,14h 00m,INR 1599,26 Seats available,"3.8
165",https://www.redbus.in/bus-tickets/goa-to-mumbai,Goa to Mumbai
Manish Travels,A/C Sleeper (2+1),19:30,09:30,14h 00m,INR 1400,6 Seats available,"3.8
16",https://www.redbus.in/bus-tickets/goa-to-mumbai,Goa to Mumbai
VAILANKANNI TRAVELS,VE A/C Sleeper (2+1),20:40,11:00,14h 20m,INR 1200,10 Seats available,"3.8
224",https://www.redbus.in/bus-tickets/goa-to-mumbai,Goa to Mumbai
Atmaram Travels (Dolphin),AC Sleeper (2+1),18:30,11:05,16h 35m,INR 1250,17 Seats available,"3.4
141",https://www.redbus.in/bus-tickets/goa-to-mumbai,Goa to Mumbai
Manish Sharma Travels,A/C Sleeper (2+1),21:30,11:20,13h 50m,INR 1500,1 Seat available,"3.0
13",https://www.redbus.in/bus-tickets/goa-to-mumbai,Goa to Mumbai
Jay khodiyar travels,VE A/C Sleeper (2+1),15:30,07:00,15h 30m,INR 1400,22 Seats available,"3.2
5",https://www.redbus.in/bus-tickets/goa-to-mumbai,Goa to Mumbai
Atmaram Travels (Vaibhav),A/C Sleeper (2+1),22:31,12:41,14h 10m,INR 1250,26 Seats available,"3.5
50",https://www.redbus.in/bus-tickets/goa-to-mumbai,Goa to Mumbai
Atmaram Travels(M.Dev),A/C Sleeper (2+1),22:00,12:35,14h 35m,INR 1200,29 Seats available,"3.8
335",https://www.redbus.in/bus-tickets/goa-to-mumbai,Goa to Mumbai
Jolly Tours and Travels,A/C Seater (2+2),19:25,07:30,12h 05m,INR 1800,40 Seats available,3.6,https://www.redbus.in/bus-tickets/goa-to-mumbai,Goa to Mumbai
Manish Travels,Non AC Seater (2+2),18:30,09:00,14h 30m,INR 800,23 Seats available,"2.7
26",https://www.redbus.in/bus-tickets/goa-to-mumbai,Goa to Mumbai
Jolly Tours and Travels,A/C Sleeper (2+1),19:25,07:30,12h 05m,INR 1450,26 Seats available,"2.3
54",https://www.redbus.in/bus-tickets/goa-to-mumbai,Goa to Mumbai
Kokan Holidays - Muskan,NON A/C Sleeper (2+1),16:00,06:30,14h 30m,INR 3000,26 Seats available,1.8,https://www.redbus.in/bus-tickets/goa-to-mumbai,Goa to Mumbai
Roshan Travels,Benz A/C Sleeper (2+1),17:00,08:20,15h 20m,INR 3500,30 Seats available,2.8,https://www.redbus.in/bus-tickets/goa-to-mumbai,Goa to Mumbai
GANESH PRASAD TRAVELS,A/C Seater (2+2),18:20,08:10,13h 50m,INR 2500,49 Seats available,2.5,https://www.redbus.in/bus-tickets/goa-to-mumbai,Goa to Mumbai
GANESH PRASAD TRAVELS,NON A/C Seater (2+2),17:00,08:10,15h 10m,INR 2000,49 Seats available,2.5,https://www.redbus.in/bus-tickets/goa-to-mumbai,Goa to Mumbai
Kadamba Transport Corporation Limited (KTCL) - 6020,Non AC Seater 2+2,16:00,19:45,03h 45m,INR 170,18 Seats available,"4.2
78",https://www.redbus.in/bus-tickets/belagavi-to-goa,Belagavi to Goa
PVS Tours and Travels,A/C Sleeper (2+1),11:05,16:05,05h 00m,INR 1598,7 Seats available,3.4,https://www.redbus.in/bus-tickets/belagavi-to-goa,Belagavi to Goa
S R Travels,NON A/C Sleeper (2+1),01:00,06:00,05h 00m,INR 799,1 Seat available,"2.4
17",https://www.redbus.in/bus-tickets/belagavi-to-goa,Belagavi to Goa
Kadamba Transport Corporation Limited (KTCL) - 141293,Volvo AC Seater 2+2,19:45,08:15,12h 30m,INR 800,28 Seats available,"3.8
239",https://www.redbus.in/bus-tickets/bangalore-to-goa,Bangalore to Goa
Sunrise Tours and Travels,A/C Sleeper (2+1),21:20,09:25,12h 05m,INR 999,16 Seats available,"4.5
411",https://www.redbus.in/bus-tickets/bangalore-to-goa,Bangalore to Goa
VRL Travels,NON A/C Sleeper (2+1),20:00,09:30,13h 30m,INR 900,18 Seats available,"4.0
106",https://www.redbus.in/bus-tickets/bangalore-to-goa,Bangalore to Goa
Sunrise Tours and Travels,A/C Sleeper (2+1),20:15,08:45,12h 30m,INR 999,17 Seats available,"4.3
188",https://www.redbus.in/bus-tickets/bangalore-to-goa,Bangalore to Goa
Intercity travels,Bharat Benz A/C Sleeper (2+1),21:00,10:15,13h 15m,INR 1099,16 Seats available,"4.4
473",https://www.redbus.in/bus-tickets/bangalore-to-goa,Bangalore to Goa
IntrCity SmartBus,AC Sleeper (2+1),21:30,11:20,13h 50m,INR 815,30 Seats available,"4.0
167",https://www.redbus.in/bus-tickets/bangalore-to-goa,Bangalore to Goa
Jolly Tours and Travels,A/C Sleeper (2+1),21:30,09:30,12h 00m,INR 900,12 Seats available,"4.3
38",https://www.redbus.in/bus-tickets/bangalore-to-goa,Bangalore to Goa
Rajat Travels,A/C Seater / Sleeper (2+1),21:20,10:30,13h 10m,675,26 Seats available,"3.5
13",https://www.redbus.in/bus-tickets/bangalore-to-goa,Bangalore to Goa
Streamline tours and travels,A/C Sleeper (2+1),21:00,10:00,13h 00m,INR 1150,2 Seats available,"4.2
463",https://www.redbus.in/bus-tickets/bangalore-to-goa,Bangalore to Goa
Jolly Tours and Travels,A/C Sleeper (2+1),21:20,08:30,11h 10m,INR 950,13 Seats available,"4.3
32",https://www.redbus.in/bus-tickets/bangalore-to-goa,Bangalore to Goa
Butterfly Holidays,VE A/C Sleeper (2+1),21:10,10:00,12h 50m,INR 3999,32 Seats available,"4.5
28",https://www.redbus.in/bus-tickets/bangalore-to-goa,Bangalore to Goa
Sea Bird Tourist,NON A/C Sleeper (2+1),18:00,07:30,13h 30m,INR 800,23 Seats available,"3.3
275",https://www.redbus.in/bus-tickets/bangalore-to-goa,Bangalore to Goa
Streamline tours and travels,A/C Sleeper (2+1),22:20,10:25,12h 05m,INR 1000,24 Seats available,"3.9
365",https://www.redbus.in/bus-tickets/bangalore-to-goa,Bangalore to Goa
IntrCity SmartBus,AC Sleeper (2+1),20:30,10:40,14h 10m,INR 799,29 Seats available,"3.8
396",https://www.redbus.in/bus-tickets/bangalore-to-goa,Bangalore to Goa
Sugama Tourist,NON A/C Sleeper (2+1),20:00,08:15,12h 15m,855,14 Seats available,"3.6
51",https://www.redbus.in/bus-tickets/bangalore-to-goa,Bangalore to Goa
National travels,Bharat Benz A/C Sleeper (2+1),22:15,09:30,11h 15m,INR 1057,24 Seats available,"3.9
6",https://www.redbus.in/bus-tickets/bangalore-to-goa,Bangalore to Goa
Sea Bird Tourist,A/C Sleeper (2+1),21:15,10:15,13h 00m,INR 1000,28 Seats available,"3.0
142",https://www.redbus.in/bus-tickets/bangalore-to-goa,Bangalore to Goa
Northern Travels,Bharat Benz A/C Sleeper (2+1),22:00,10:30,12h 30m,INR 750,23 Seats available,3.0,https://www.redbus.in/bus-tickets/bangalore-to-goa,Bangalore to Goa
Limousine Tours & Travels,A/C Sleeper (2+1),20:20,09:30,13h 10m,INR 850,18 Seats available,"3.6
31",https://www.redbus.in/bus-tickets/bangalore-to-goa,Bangalore to Goa
PSR Travels Goa,A/C Seater / Sleeper (2+1),21:00,10:30,13h 30m,INR 2699,33 Seats available,3.5,https://www.redbus.in/bus-tickets/bangalore-to-goa,Bangalore to Goa
DA Transports,A/C Sleeper (2+1),20:15,08:00,11h 45m,INR 1999,36 Seats available,3.6,https://www.redbus.in/bus-tickets/bangalore-to-goa,Bangalore to Goa
National travels,Bharat Benz A/C Sleeper (2+1),21:15,10:30,13h 15m,INR 950,29 Seats available,"3.1
14",https://www.redbus.in/bus-tickets/bangalore-to-goa,Bangalore to Goa
Sea Bird Tourist,A/C Sleeper (2+1),22:30,11:30,13h 00m,INR 1000,29 Seats available,3.0,https://www.redbus.in/bus-tickets/bangalore-to-goa,Bangalore to Goa
SRS Travels,NON AC Seater / Sleeper 2+1,20:00,09:15,13h 15m,INR 699,20 Seats available,"3.9
5",https://www.redbus.in/bus-tickets/bangalore-to-goa,Bangalore to Goa
National travels,Bharat Benz A/C Sleeper (2+1),21:15,10:30,13h 15m,INR 857,15 Seats available,3.3,https://www.redbus.in/bus-tickets/bangalore-to-goa,Bangalore to Goa
VRL Travels,A/C Sleeper (2+1),21:00,10:45,13h 45m,INR 900,23 Seats available,"2.6
72",https://www.redbus.in/bus-tickets/bangalore-to-goa,Bangalore to Goa
Anand Travels,NON A/C Sleeper (2+1),18:30,05:30,11h 00m,817,19 Seats available,"2.7
259",https://www.redbus.in/bus-tickets/bangalore-to-goa,Bangalore to Goa
Sea Bird Tourist,NON A/C Sleeper (2+1),20:30,10:30,14h 00m,INR 800,30 Seats available,"2.7
204",https://www.redbus.in/bus-tickets/bangalore-to-goa,Bangalore to Goa
VRL Travels,A/C Seater / Sleeper (2+1),19:30,09:15,13h 45m,INR 700,20 Seats available,"2.1
75",https://www.redbus.in/bus-tickets/bangalore-to-goa,Bangalore to Goa
Sea Bird Tourist,Volvo Multi-Axle I-Shift B11R Semi Sleeper (2+2),23:30,12:30,13h 00m,INR 800,37 Seats available,"2.7
159",https://www.redbus.in/bus-tickets/bangalore-to-goa,Bangalore to Goa
GOWTHAMI TOURS AND TRAVELS,Volvo Multi-Axle A/C (2+1),20:25,07:00,10h 35m,2850,30 Seats available,2.7,https://www.redbus.in/bus-tickets/bangalore-to-goa,Bangalore to Goa
Sugama Tourist,NON A/C Sleeper (2+1),20:00,07:45,11h 45m,INR 700,11 Seats available,"2.5
19",https://www.redbus.in/bus-tickets/bangalore-to-goa,Bangalore to Goa
GOWTHAMI TOURS AND TRAVELS,Volvo Multi Axle B9R A/C Sleeper (2+1),21:25,09:00,11h 35m,2850,36 Seats available,2.7,https://www.redbus.in/bus-tickets/bangalore-to-goa,Bangalore to Goa
Streamline tours and travels,A/C Sleeper (2+1),18:00,06:30,12h 30m,INR 1800,14 Seats available,"4.4
416",https://www.redbus.in/bus-tickets/goa-to-bangalore,Goa to Bangalore
Sunrise Tours and Travels,A/C Sleeper (2+1),18:00,06:05,12h 05m,INR 2099,14 Seats available,"4.4
148",https://www.redbus.in/bus-tickets/goa-to-bangalore,Goa to Bangalore
Intercity travels,Bharat Benz A/C Sleeper (2+1),18:00,07:15,13h 15m,INR 1999,5 Seats available,"4.5
509",https://www.redbus.in/bus-tickets/goa-to-bangalore,Goa to Bangalore
IntrCity SmartBus,AC Sleeper (2+1),17:00,06:40,13h 40m,INR 1980,12 Seats available,"4.4
258",https://www.redbus.in/bus-tickets/goa-to-bangalore,Goa to Bangalore
Sunrise Tours and Travels,A/C Sleeper (2+1),18:30,07:10,12h 40m,INR 1999,6 Seats available,"4.3
424",https://www.redbus.in/bus-tickets/goa-to-bangalore,Goa to Bangalore
Streamline tours and travels,A/C Sleeper (2+1),19:00,07:30,12h 30m,1863,14 Seats available,"4.0
471",https://www.redbus.in/bus-tickets/goa-to-bangalore,Goa to Bangalore
IntrCity SmartBus,AC Sleeper (2+1),18:00,07:50,13h 50m,INR 2127,14 Seats available,"4.4
516",https://www.redbus.in/bus-tickets/goa-to-bangalore,Goa to Bangalore
Intercity travels,Bharat Benz A/C Sleeper (2+1),17:15,06:30,13h 15m,INR 1999,9 Seats available,"4.6
17",https://www.redbus.in/bus-tickets/goa-to-bangalore,Goa to Bangalore
Jolly Tours and Travels,A/C Sleeper (2+1),18:00,08:10,14h 10m,INR 1599,4 Seats available,"4.3
22",https://www.redbus.in/bus-tickets/goa-to-bangalore,Goa to Bangalore
Butterfly Holidays,VE A/C Sleeper (2+1),17:55,06:45,12h 50m,INR 2399,32 Seats available,"4.5
18",https://www.redbus.in/bus-tickets/goa-to-bangalore,Goa to Bangalore
Limousine Tours & Travels,A/C Sleeper (2+1),17:05,06:30,13h 25m,INR 1900,2 Seats available,"4.3
19",https://www.redbus.in/bus-tickets/goa-to-bangalore,Goa to Bangalore
Rajat Travels,A/C Seater / Sleeper (2+1),18:00,06:35,12h 35m,1710,3 Seats available,"3.6
13",https://www.redbus.in/bus-tickets/goa-to-bangalore,Goa to Bangalore
Sea Bird Tourist,A/C Sleeper (2+1),20:30,09:30,13h 00m,INR 2100,20 Seats available,"3.1
292",https://www.redbus.in/bus-tickets/goa-to-bangalore,Goa to Bangalore
Streamline tours and travels,A/C Sleeper (2+1),17:00,05:30,12h 30m,INR 1999,19 Seats available,"3.6
82",https://www.redbus.in/bus-tickets/goa-to-bangalore,Goa to Bangalore
Shanta Travels,NON A/C Sleeper (2+1),18:15,07:30,13h 15m,INR 3000,30 Seats available,"3.7
310",https://www.redbus.in/bus-tickets/goa-to-bangalore,Goa to Bangalore
VKV Travels,A/C Sleeper (2+1),13:30,02:15,12h 45m,1940,17 Seats available,"3.9
254",https://www.redbus.in/bus-tickets/goa-to-bangalore,Goa to Bangalore
PVS Tours and Travels,A/C Sleeper (2+1),20:05,10:15,14h 10m,INR 3000,32 Seats available,3.4,https://www.redbus.in/bus-tickets/goa-to-bangalore,Goa to Bangalore
VRL Travels,A/C Seater / Sleeper (2+1),19:00,09:00,14h 00m,INR 1200,1 Seat available,"3.0
55",https://www.redbus.in/bus-tickets/goa-to-bangalore,Goa to Bangalore
Sugama Tourist,NON A/C Sleeper (2+1),18:30,07:15,12h 45m,INR 1000,4 Seats available,"3.2
16",https://www.redbus.in/bus-tickets/goa-to-bangalore,Goa to Bangalore
Shanta Travels,NON A/C Sleeper (2+1),18:15,07:30,13h 15m,INR 3000,30 Seats available,3.8,https://www.redbus.in/bus-tickets/goa-to-bangalore,Goa to Bangalore
DA Transports,A/C Sleeper (2+1),15:30,03:35,12h 05m,INR 3799,32 Seats available,3.6,https://www.redbus.in/bus-tickets/goa-to-bangalore,Goa to Bangalore
PSR Travels Goa,A/C Seater / Sleeper (2+1),20:05,07:30,11h 25m,INR 3199,40 Seats available,3.5,https://www.redbus.in/bus-tickets/goa-to-bangalore,Goa to Bangalore
VRL Travels,NON A/C Sleeper (2+1),18:30,08:30,14h 00m,INR 1800,10 Seats available,3.4,https://www.redbus.in/bus-tickets/goa-to-bangalore,Goa to Bangalore
Deepika Tours And Travels,A/C Sleeper (2+1),18:00,06:30,12h 30m,INR 1599,11 Seats available,"1.8
6",https://www.redbus.in/bus-tickets/goa-to-bangalore,Goa to Bangalore
Sugama Tourist,NON A/C Sleeper (2+1),17:30,07:18,13h 48m,INR 1000,4 Seats available,"2.5
21",https://www.redbus.in/bus-tickets/goa-to-bangalore,Goa to Bangalore
Sea Bird Tourist,NON A/C Sleeper (2+1),18:30,08:30,14h 00m,INR 1500,22 Seats available,"2.5
166",https://www.redbus.in/bus-tickets/goa-to-bangalore,Goa to Bangalore
Sea Bird Tourist,NON A/C Sleeper (2+1),17:30,07:30,14h 00m,INR 1700,7 Seats available,"2.9
103",https://www.redbus.in/bus-tickets/goa-to-bangalore,Goa to Bangalore
GOWTHAMI TOURS AND TRAVELS,A/C Sleeper (2+1),21:45,08:00,10h 15m,2850,32 Seats available,2.7,https://www.redbus.in/bus-tickets/goa-to-bangalore,Goa to Bangalore
Kadamba Transport Corporation Limited (KTCL) - 61005,Non AC Seater 2+2,21:15,10:00,12h 45m,INR 735,28 Seats available,"3.2
104",https://www.redbus.in/bus-tickets/pandharpur-to-goa,Pandharpur to Goa
New Shivbaba Tours And Travels,AC Sleeper (2+1),19:45,06:00,10h 15m,1139,18 Seats available,"2.9
19",https://www.redbus.in/bus-tickets/pandharpur-to-goa,Pandharpur to Goa
Shirdi Xpress,A/C Sleeper (2+1),17:00,21:30,04h 30m,INR 1280,17 Seats available,"3.3
7",https://www.redbus.in/bus-tickets/goa-to-belagavi,Goa to Belagavi
PSR Travels Goa,A/C Sleeper (2+1),17:01,22:30,05h 29m,INR 1600,26 Seats available,3.5,https://www.redbus.in/bus-tickets/goa-to-belagavi,Goa to Belagavi
Rajat Travels,A/C Seater / Sleeper (2+1),18:00,22:30,04h 30m,1530,3 Seats available,3.2,https://www.redbus.in/bus-tickets/goa-to-belagavi,Goa to Belagavi
PVS Tours and Travels,A/C Sleeper (2+1),19:00,22:45,03h 45m,INR 1699,24 Seats available,3.4,https://www.redbus.in/bus-tickets/goa-to-belagavi,Goa to Belagavi
PVS Tours and Travels,A/C Sleeper (2+1),19:00,23:00,04h 00m,INR 1699,26 Seats available,3.4,https://www.redbus.in/bus-tickets/goa-to-belagavi,Goa to Belagavi
S R Travels,NON A/C Sleeper (2+1),20:00,23:59,03h 59m,INR 800,5 Seats available,"1.2
11",https://www.redbus.in/bus-tickets/goa-to-belagavi,Goa to Belagavi
S R Travels,A/C Seater/Sleeper (2+1),20:30,02:00,05h 30m,INR 700,24 Seats available,"2.0
8",https://www.redbus.in/bus-tickets/goa-to-belagavi,Goa to Belagavi
VRL Travels,A/C Sleeper (2+1),16:30,21:10,04h 40m,INR 2200,4 Seats available,3.4,https://www.redbus.in/bus-tickets/goa-to-belagavi,Goa to Belagavi
Orange Tours And Travels,A/C Sleeper (2+1),17:30,22:00,04h 30m,INR 2040,4 Seats available,2.9,https://www.redbus.in/bus-tickets/goa-to-belagavi,Goa to Belagavi
Humsafar Travels,Bharat Benz A/C Sleeper (2+1),19:00,23:15,04h 15m,INR 1850,24 Seats available,"2.9
4",https://www.redbus.in/bus-tickets/goa-to-belagavi,Goa to Belagavi
Kadamba Transport Corporation Limited (KTCL) - 61005,Non AC Seater 2+2,20:00,10:00,14h 00m,INR 850,29 Seats available,"3.6
90",https://www.redbus.in/bus-tickets/solapur-to-goa,Solapur to Goa
Humsafar Travels,Bharat Benz A/C Sleeper (2+1),23:15,08:00,08h 45m,INR 1450,23 Seats available,"3.1
105",https://www.redbus.in/bus-tickets/solapur-to-goa,Solapur to Goa
S R Travels,A/C Seater/Sleeper (2+1),18:45,07:00,12h 15m,INR 700,1 Seat available,"2.8
117",https://www.redbus.in/bus-tickets/solapur-to-goa,Solapur to Goa
New Shivbaba Tours And Travels,AC Sleeper (2+1),18:00,06:00,12h 00m,1139,18 Seats available,"1.9
20",https://www.redbus.in/bus-tickets/solapur-to-goa,Solapur to Goa
Sharma Travels,Bharat Benz A/C Sleeper (2+1),23:00,09:00,10h 00m,INR 1810,23 Seats available,3.9,https://www.redbus.in/bus-tickets/solapur-to-goa,Solapur to Goa
Kadamba Transport Corporation Limited (KTCL) - 60996,Non AC Seater 2+2,19:00,07:00,12h 00m,INR 735,19 Seats available,"2.6
126",https://www.redbus.in/bus-tickets/goa-to-pandharpur,Goa to Pandharpur
New Shivbaba Tours And Travels,AC Sleeper (2+1),19:45,04:30,08h 45m,949,10 Seats available,"1.3
5",https://www.redbus.in/bus-tickets/goa-to-pandharpur,Goa to Pandharpur
Kadamba Transport Corporation Limited (KTCL) - 60996,Non AC Seater 2+2,19:00,08:30,13h 30m,INR 850,19 Seats available,"2.8
107",https://www.redbus.in/bus-tickets/goa-to-solapur,Goa to Solapur
Humsafar Travels,Bharat Benz A/C Sleeper (2+1),19:00,04:30,09h 30m,INR 1850,11 Seats available,"4.0
89",https://www.redbus.in/bus-tickets/goa-to-solapur,Goa to Solapur
IntrCity SmartBus,AC Sleeper (2+1),18:10,04:45,10h 35m,INR 2318,14 Seats available,"3.9
76",https://www.redbus.in/bus-tickets/goa-to-solapur,Goa to Solapur
IntrCity SmartBus,AC Sleeper (2+1),16:40,04:00,11h 20m,INR 1839,26 Seats available,"4.8
27",https://www.redbus.in/bus-tickets/goa-to-solapur,Goa to Solapur
IntrCity SmartBus,AC Sleeper (2+1),15:40,03:00,11h 20m,INR 2294,8 Seats available,"4.4
12",https://www.redbus.in/bus-tickets/goa-to-solapur,Goa to Solapur
Zingbus Plus,AC Sleeper (2+1),16:05,02:55,10h 50m,1753,5 Seats available,4.4,https://www.redbus.in/bus-tickets/goa-to-solapur,Goa to Solapur
PSR Travels Goa,A/C Sleeper (2+1),18:30,05:30,11h 00m,INR 1800,3 Seats available,"2.9
7",https://www.redbus.in/bus-tickets/goa-to-solapur,Goa to Solapur
S R Travels,A/C Seater/Sleeper (2+1),20:30,07:30,11h 00m,INR 700,24 Seats available,"2.7
161",https://www.redbus.in/bus-tickets/goa-to-solapur,Goa to Solapur
New Shivbaba Tours And Travels,AC Sleeper (2+1),19:45,06:15,10h 30m,949,10 Seats available,"1.3
7",https://www.redbus.in/bus-tickets/goa-to-solapur,Goa to Solapur
Sharma Travels,Bharat Benz A/C Sleeper (2+1),15:00,02:00,11h 00m,INR 1429,19 Seats available,3.9,https://www.redbus.in/bus-tickets/goa-to-solapur,Goa to Solapur
PVS Tours and Travels,A/C Sleeper (2+1),21:00,09:00,12h 00m,INR 2950,36 Seats available,3.4,https://www.redbus.in/bus-tickets/goa-to-solapur,Goa to Solapur
Sri Lakshmi chennakeshava Roadlines,A/C Sleeper (2+1),17:00,02:10,09h 10m,INR 4999,1 Seat available,3.2,https://www.redbus.in/bus-tickets/goa-to-solapur,Goa to Solapur
GOWTHAMI TOURS AND TRAVELS,A/C Sleeper (2+1),17:45,02:30,08h 45m,4750,32 Seats available,2.7,https://www.redbus.in/bus-tickets/goa-to-solapur,Goa to Solapur
Kadamba Transport Corporation Limited (KTCL) - 60996,Non AC Seater 2+2,19:00,06:05,11h 05m,INR 675,19 Seats available,"2.8
51",https://www.redbus.in/bus-tickets/goa-to-sangola,Goa to Sangola (Solapur)
Humsafar Travels,Bharat Benz A/C Sleeper (2+1),19:00,02:00,07h 00m,INR 1850,22 Seats available,"3.6
7",https://www.redbus.in/bus-tickets/goa-to-sangola,Goa to Sangola (Solapur)
PSR Travels Goa,A/C Sleeper (2+1),18:30,04:15,09h 45m,INR 1800,3 Seats available,3.5,https://www.redbus.in/bus-tickets/goa-to-sangola,Goa to Sangola (Solapur)
New Shivbaba Tours And Travels,AC Sleeper (2+1),19:45,03:45,08h 00m,949,10 Seats available,2.5,https://www.redbus.in/bus-tickets/goa-to-sangola,Goa to Sangola (Solapur)
Kadamba Transport Corporation Limited (KTCL) - 61005,Non AC Seater 2+2,21:45,10:00,12h 15m,INR 675,29 Seats available,"2.8
43",https://www.redbus.in/bus-tickets/sangola-to-goa,Sangola (Solapur) to Goa
Humsafar Travels,Bharat Benz A/C Sleeper (2+1),23:59,08:00,08h 01m,INR 1450,23 Seats available,3.8,https://www.redbus.in/bus-tickets/sangola-to-goa,Sangola (Solapur) to Goa
New Shivbaba Tours And Travels,AC Sleeper (2+1),20:30,06:00,09h 30m,1139,18 Seats available,"1.5
6",https://www.redbus.in/bus-tickets/sangola-to-goa,Sangola (Solapur) to Goa
Kadamba Transport Corporation Limited (KTCL) - 159065,A/C Seater (2+3),11:45,13:00,01h 15m,INR 200,47 Seats available,"2.9
23",https://www.redbus.in/bus-tickets/calangute-goa-to-mopa-airport,Calangute (goa) to Mopa Airport
Kadamba Transport Corporation Limited (KTCL) - 158988,A/C Seater (2+3),11:30,12:55,01h 25m,INR 200,47 Seats available,"3.1
4",https://www.redbus.in/bus-tickets/mopa-airport-to-calangute-goa,Mopa Airport to Calangute (goa)
Kadamba Transport Corporation Limited (KTCL) - 159021,A/C Seater (2+3),12:00,13:10,01h 10m,INR 200,48 Seats available,"4.8
5",https://www.redbus.in/bus-tickets/mopa-airport-to-calangute-goa,Mopa Airport to Calangute (goa)
Kadamba Transport Corporation Limited (KTCL) - 160438,A/C Seater (2+3),13:30,14:40,01h 10m,INR 200,47 Seats available,3.8,https://www.redbus.in/bus-tickets/mopa-airport-to-calangute-goa,Mopa Airport to Calangute (goa)
Kadamba Transport Corporation Limited (KTCL) - 160437,A/C Seater (2+3),17:30,18:40,01h 10m,INR 200,47 Seats available,"3.1
9",https://www.redbus.in/bus-tickets/mopa-airport-to-calangute-goa,Mopa Airport to Calangute (goa)
Sea Bird Tourist,NON A/C Sleeper (2+1),23:45,08:00,08h 15m,INR 900,7 Seats available,"2.7
32",https://www.redbus.in/bus-tickets/shimoga-to-goa,Shivamogga to Goa
Kadamba Transport Corporation Limited (KTCL) - 6020,Non AC Seater 2+2,16:00,18:45,02h 45m,INR 140,21 Seats available,"3.6
9",https://www.redbus.in/bus-tickets/belagavi-to-marcel,Belagavi to Marcel
Kadamba Transport Corporation Limited (KTCL) - 6020,Non AC Seater 2+2,16:00,19:15,03h 15m,INR 150,20 Seats available,"4.0
28",https://www.redbus.in/bus-tickets/belagavi-to-ponda,Belagavi to Ponda
Kadamba Transport Corporation Limited (KTCL) - 60996,Non AC Seater 2+2,19:00,04:00,09h 00m,INR 490,22 Seats available,"3.9
38",https://www.redbus.in/bus-tickets/goa-to-sangli,Goa to Sangli
Vaibhav Travels,A/C Sleeper (2+1),10:50,18:45,07h 55m,369,14 Seats available,3.4,https://www.redbus.in/bus-tickets/goa-to-sangli,Goa to Sangli
Vaibhav Travels,A/C Sleeper (2+1),20:00,05:40,09h 40m,INR 999,22 Seats available,"3.6
289",https://www.redbus.in/bus-tickets/goa-to-sangli,Goa to Sangli
Venkteshwara Travels,NON A/C Sleeper (2+1),20:30,05:15,08h 45m,INR 799,26 Seats available,3.2,https://www.redbus.in/bus-tickets/goa-to-sangli,Goa to Sangli
New Shivbaba Tours And Travels,AC Sleeper (2+1),19:45,02:15,06h 30m,664,18 Seats available,2.5,https://www.redbus.in/bus-tickets/goa-to-sangli,Goa to Sangli
IntrCity SmartBus,AC Sleeper (2+1),15:40,23:45,08h 05m,INR 2294,8 Seats available,4.4,https://www.redbus.in/bus-tickets/goa-to-sangli,Goa to Sangli
URL Travels Neeta,A/C Sleeper (2+1),11:00,18:20,07h 20m,2700,28 Seats available,3.7,https://www.redbus.in/bus-tickets/goa-to-sangli,Goa to Sangli
IntrCity SmartBus,AC Sleeper (2+1),16:40,00:45,08h 05m,INR 1839,26 Seats available,4.4,https://www.redbus.in/bus-tickets/goa-to-sangli,Goa to Sangli
IntrCity SmartBus,AC Sleeper (2+1),18:10,01:30,07h 20m,INR 2318,14 Seats available,4.4,https://www.redbus.in/bus-tickets/goa-to-sangli,Goa to Sangli
PSR Travels Goa,A/C Sleeper (2+1),18:30,02:15,07h 45m,INR 1800,3 Seats available,3.5,https://www.redbus.in/bus-tickets/goa-to-sangli,Goa to Sangli
PVS Tours and Travels,A/C Sleeper (2+1),21:00,05:45,08h 45m,INR 2950,36 Seats available,3.4,https://www.redbus.in/bus-tickets/goa-to-sangli,Goa to Sangli
Humsafar Travels,Bharat Benz A/C Sleeper (2+1),19:00,01:30,06h 30m,INR 1850,17 Seats available,"1.2
4",https://www.redbus.in/bus-tickets/goa-to-sangli,Goa to Sangli
New Shivbaba Tours And Travels,AC Sleeper (2+1),19:45,00:55,05h 10m,1899,30 Seats available,2.5,https://www.redbus.in/bus-tickets/goa-to-sangli,Goa to Sangli
Kadamba Transport Corporation Limited (KTCL) - 159647,A/C Seater (2+3),11:00,11:30,00h 30m,INR 150,47 Seats available,3.6,https://www.redbus.in/bus-tickets/goa-to-mopa-airport,Goa to Mopa Airport
Kadamba Transport Corporation Limited (KTCL) - 159065,A/C Seater (2+3),12:30,13:00,00h 30m,INR 150,47 Seats available,"4.0
4",https://www.redbus.in/bus-tickets/goa-to-mopa-airport,Goa to Mopa Airport
Kadamba Transport Corporation Limited (KTCL) - 158948,A/C Seater (2+3),14:00,14:30,00h 30m,INR 150,46 Seats available,"3.7
11",https://www.redbus.in/bus-tickets/goa-to-mopa-airport,Goa to Mopa Airport
Kadamba Transport Corporation Limited (KTCL) - 158967,A/C Seater (2+3),16:25,17:00,00h 35m,INR 150,46 Seats available,3.6,https://www.redbus.in/bus-tickets/goa-to-mopa-airport,Goa to Mopa Airport
Kadamba Transport Corporation Limited (KTCL) - 60996,Non AC Seater 2+2,19:00,04:30,09h 30m,INR 505,19 Seats available,"3.1
15",https://www.redbus.in/bus-tickets/goa-to-miraj,Goa to Miraj
Vaibhav Travels,A/C Sleeper (2+1),20:00,05:42,09h 42m,INR 999,24 Seats available,"3.6
142",https://www.redbus.in/bus-tickets/goa-to-miraj,Goa to Miraj
Humsafar Travels,Bharat Benz A/C Sleeper (2+1),19:00,01:30,06h 30m,INR 1850,11 Seats available,"2.6
4",https://www.redbus.in/bus-tickets/goa-to-miraj,Goa to Miraj
PSR Travels Goa,A/C Sleeper (2+1),18:30,02:35,08h 05m,INR 1800,3 Seats available,3.5,https://www.redbus.in/bus-tickets/goa-to-miraj,Goa to Miraj
Venkteshwara Travels,NON A/C Sleeper (2+1),20:30,05:30,09h 00m,INR 799,26 Seats available,3.2,https://www.redbus.in/bus-tickets/goa-to-miraj,Goa to Miraj
URL Travels Neeta,A/C Sleeper (2+1),11:00,18:30,07h 30m,2700,28 Seats available,3.7,https://www.redbus.in/bus-tickets/goa-to-miraj,Goa to Miraj
New Shivbaba Tours And Travels,AC Sleeper (2+1),19:45,02:30,06h 45m,664,10 Seats available,2.5,https://www.redbus.in/bus-tickets/goa-to-miraj,Goa to Miraj
Kadamba Transport Corporation Limited (KTCL) - 158967,A/C Seater (2+3),15:00,17:00,02h 00m,INR 400,48 Seats available,"3.4
8",https://www.redbus.in/bus-tickets/margoa-to-mopa-airport,Margao to Mopa Airport
Kadamba Transport Corporation Limited (KTCL) - 159657,A/C Seater (2+3),11:15,11:45,00h 30m,INR 150,47 Seats available,3.6,https://www.redbus.in/bus-tickets/mopa-airport-to-goa,Mopa Airport to Goa
Kadamba Transport Corporation Limited (KTCL) - 158988,A/C Seater (2+3),11:30,12:00,00h 30m,INR 150,47 Seats available,3.6,https://www.redbus.in/bus-tickets/mopa-airport-to-goa,Mopa Airport to Goa
Kadamba Transport Corporation Limited (KTCL) - 159021,A/C Seater (2+3),12:00,12:30,00h 30m,INR 200,48 Seats available,3.6,https://www.redbus.in/bus-tickets/mopa-airport-to-goa,Mopa Airport to Goa
Kadamba Transport Corporation Limited (KTCL) - 158996,A/C Seater (2+3),12:30,13:25,00h 55m,INR 200,47 Seats available,3.6,https://www.redbus.in/bus-tickets/mopa-airport-to-goa,Mopa Airport to Goa
Kadamba Transport Corporation Limited (KTCL) - 160438,A/C Seater (2+3),13:30,14:00,00h 30m,INR 150,47 Seats available,3.6,https://www.redbus.in/bus-tickets/mopa-airport-to-goa,Mopa Airport to Goa
Kadamba Transport Corporation Limited (KTCL) - 159015,A/C Seater (2+3),16:00,16:25,00h 25m,INR 150,47 Seats available,3.6,https://www.redbus.in/bus-tickets/mopa-airport-to-goa,Mopa Airport to Goa
Kadamba Transport Corporation Limited (KTCL) - 160437,A/C Seater (2+3),17:30,18:00,00h 30m,INR 150,47 Seats available,3.6,https://www.redbus.in/bus-tickets/mopa-airport-to-goa,Mopa Airport to Goa
Kadamba Transport Corporation Limited (KTCL) - 158996,A/C Seater (2+3),12:30,14:30,02h 00m,INR 400,47 Seats available,3.6,https://www.redbus.in/bus-tickets/mopa-airport-to-margoa,Mopa Airport to Margao
Kadamba Transport Corporation Limited (KTCL) - 159015,A/C Seater (2+3),16:00,18:00,02h 00m,INR 400,47 Seats available,3.6,https://www.redbus.in/bus-tickets/mopa-airport-to-margoa,Mopa Airport to Margao
PSR Travels Goa,A/C Sleeper (2+1),18:00,09:00,15h 00m,INR 1399,13 Seats available,"3.3
143",https://www.redbus.in/bus-tickets/shirdi-to-goa,Shirdi to Goa
Humsafar Travels,Bharat Benz A/C Sleeper (2+1),14:30,09:30,19h 00m,INR 1250,11 Seats available,"3.5
50",https://www.redbus.in/bus-tickets/shirdi-to-goa,Shirdi to Goa
Humsafar Travels,Bharat Benz A/C Sleeper (2+1),15:00,08:00,17h 00m,INR 1450,23 Seats available,"3.0
28",https://www.redbus.in/bus-tickets/shirdi-to-goa,Shirdi to Goa
Hans Travels (I) Private Limited,A/C Sleeper (2+1),20:19,10:39,14h 20m,INR 1600,1 Seat available,"1.7
23",https://www.redbus.in/bus-tickets/shirdi-to-goa,Shirdi to Goa
Kadamba Transport Corporation Limited (KTCL) - 8355,Non AC Seater 2+2,15:00,01:03,10h 03m,INR 450,33 Seats available,3.6,https://www.redbus.in/bus-tickets/goa-to-shimoga,Goa to Shivamogga
Kadamba Transport Corporation Limited (KTCL) - 6032,Non AC Seater 2+2,18:00,03:00,09h 00m,INR 550,6 Seats available,"4.0
16",https://www.redbus.in/bus-tickets/goa-to-satara,Goa to Satara
Ashray Travels,Bharat Benz A/C Sleeper (2+1),22:30,08:00,09h 30m,INR 1399,14 Seats available,"4.6
41",https://www.redbus.in/bus-tickets/goa-to-satara,Goa to Satara
Atmaram Gobus,VE A/C Sleeper (2+1),22:30,07:00,08h 30m,INR 1799,11 Seats available,"4.9
30",https://www.redbus.in/bus-tickets/goa-to-satara,Goa to Satara
IntrCity SmartBus,Bharat Benz A/C Seater /Sleeper (2+1),20:30,04:40,08h 10m,INR 864,20 Seats available,"4.9
27",https://www.redbus.in/bus-tickets/goa-to-satara,Goa to Satara
IntrCity SmartBus,Bharat Benz A/C Sleeper (2+1),20:00,04:10,08h 10m,INR 1413,8 Seats available,"4.7
25",https://www.redbus.in/bus-tickets/goa-to-satara,Goa to Satara
IntrCity SmartBus,Bharat Benz A/C Sleeper (2+1),21:30,05:40,08h 10m,INR 1402,14 Seats available,"4.5
35",https://www.redbus.in/bus-tickets/goa-to-satara,Goa to Satara
Atmaram Travels ( Gogte ),NON A/C Sleeper (2+1),21:01,05:31,08h 30m,INR 1099,24 Seats available,"4.4
27",https://www.redbus.in/bus-tickets/goa-to-satara,Goa to Satara
Ashray Grand,Volvo Multi-Axle A/C Sleeper (2+1),22:00,07:30,09h 30m,INR 1120,25 Seats available,"4.5
29",https://www.redbus.in/bus-tickets/goa-to-satara,Goa to Satara
Atmaram Travels(KVT Narmada Red),Bharat Benz A/C Sleeper (2+1),21:16,06:01,08h 45m,INR 1250,19 Seats available,"4.4
13",https://www.redbus.in/bus-tickets/goa-to-satara,Goa to Satara
Zingbus Plus,VE A/C Sleeper (2+1),20:50,05:05,08h 15m,1919,4 Seats available,"4.7
8",https://www.redbus.in/bus-tickets/goa-to-satara,Goa to Satara
Sangitam Travels Tanzanite,A/C Sleeper (2+1),21:00,04:30,07h 30m,INR 1200,16 Seats available,"4.2
9",https://www.redbus.in/bus-tickets/goa-to-satara,Goa to Satara
IntrCity SmartBus,AC Sleeper (2+1),18:30,02:35,08h 05m,INR 1528,11 Seats available,"5.0
4",https://www.redbus.in/bus-tickets/goa-to-satara,Goa to Satara
Laxmi Queen Prime,A/C Sleeper (2+1),19:30,05:00,09h 30m,INR 1199,9 Seats available,"4.4
7",https://www.redbus.in/bus-tickets/goa-to-satara,Goa to Satara
Atmaram Gobus,NON A/C Sleeper (2+1),19:01,04:41,09h 40m,INR 1150,15 Seats available,"4.4
6",https://www.redbus.in/bus-tickets/goa-to-satara,Goa to Satara
Atmaram Travels (Unity),A/C Sleeper (2+1),20:00,04:45,08h 45m,INR 1250,19 Seats available,"4.8
4",https://www.redbus.in/bus-tickets/goa-to-satara,Goa to Satara
Amrutyog Travels,A/C Sleeper (2+1),20:00,06:00,10h 00m,INR 1111,24 Seats available,"4.1
8",https://www.redbus.in/bus-tickets/goa-to-satara,Goa to Satara
Laxmi-Princess Nova,Non A/C Seater / Sleeper (2+1),19:00,04:00,09h 00m,INR 799,14 Seats available,"4.1
6",https://www.redbus.in/bus-tickets/goa-to-satara,Goa to Satara
IntrCity SmartBus,AC Sleeper (2+1),19:00,03:25,08h 25m,INR 1265,15 Seats available,"4.5
4",https://www.redbus.in/bus-tickets/goa-to-satara,Goa to Satara
Zingbus Plus,Bharat Benz A/C Sleeper (2+1),19:40,03:40,08h 00m,1173,24 Seats available,4.4,https://www.redbus.in/bus-tickets/goa-to-satara,Goa to Satara
Atmaram Travels(M.Dev),A/C Sleeper (2+1),22:00,06:50,08h 50m,INR 1200,27 Seats available,"3.6
4",https://www.redbus.in/bus-tickets/goa-to-satara,Goa to Satara
Ashray Travels,Non A/C Seater / Sleeper (2+1),20:00,03:00,07h 00m,INR 700,17 Seats available,"3.6
4",https://www.redbus.in/bus-tickets/goa-to-satara,Goa to Satara
Atmaram Travels (Dolphin),A/C Sleeper (2+1),15:00,01:00,10h 00m,INR 1399,21 Seats available,"2.3
4",https://www.redbus.in/bus-tickets/goa-to-satara,Goa to Satara
Indumati Travels,A/C Sleeper (2+1),21:00,05:00,08h 00m,1131,23 Seats available,"2.3
10",https://www.redbus.in/bus-tickets/goa-to-satara,Goa to Satara
IntrCity SmartBus,AC Sleeper (2+1),19:30,03:10,07h 40m,INR 1517,12 Seats available,4.4,https://www.redbus.in/bus-tickets/goa-to-satara,Goa to Satara
IntrCity SmartBus,Bharat Benz A/C Sleeper (2+1),19:45,03:40,07h 55m,INR 2279,34 Seats available,4.4,https://www.redbus.in/bus-tickets/goa-to-satara,Goa to Satara
Anand Ashray Travels,Volvo Multi-Axle I-Shift A/C Sleeper (2+1),21:00,06:00,33h 00m,INR 1001,31 Seats available,4.1,https://www.redbus.in/bus-tickets/goa-to-satara,Goa to Satara
Anand Ashray Travels,Volvo Multi-Axle A/C Sleeper (2+1),22:45,07:15,08h 30m,INR 1350,29 Seats available,4.1,https://www.redbus.in/bus-tickets/goa-to-satara,Goa to Satara
Anand Ashray Travels,Volvo Multi-Axle A/C Sleeper (2+1),20:00,05:00,09h 00m,INR 1001,22 Seats available,4.1,https://www.redbus.in/bus-tickets/goa-to-satara,Goa to Satara
Atmaram Travels (Dolphin),AC Sleeper (2+1),18:30,04:00,09h 30m,INR 1250,17 Seats available,3.9,https://www.redbus.in/bus-tickets/goa-to-satara,Goa to Satara
Atmaram Travels ( Ashray ),A/C Sleeper (2+1),22:02,07:32,09h 30m,INR 1299,22 Seats available,3.9,https://www.redbus.in/bus-tickets/goa-to-satara,Goa to Satara
Atmaram Gobus,VE A/C Sleeper (2+1),21:32,05:32,08h 00m,INR 1499,13 Seats available,3.9,https://www.redbus.in/bus-tickets/goa-to-satara,Goa to Satara
Atmaram Travels (Shreyas),Bharat Benz A/C Sleeper (2+1),20:03,05:03,09h 00m,INR 1199,18 Seats available,3.9,https://www.redbus.in/bus-tickets/goa-to-satara,Goa to Satara
Atmaram Travels (Dolphin),A/C Sleeper (2+1),19:30,05:10,09h 40m,INR 1199,26 Seats available,3.9,https://www.redbus.in/bus-tickets/goa-to-satara,Goa to Satara
Atmaram Travels (Vishal),A/C Sleeper (2+1),17:30,03:00,09h 30m,INR 1299,23 Seats available,3.9,https://www.redbus.in/bus-tickets/goa-to-satara,Goa to Satara
Atmaram Travels (Humsafar),Bharat Benz A/C Sleeper (2+1),19:30,03:45,08h 15m,INR 1299,16 Seats available,3.9,https://www.redbus.in/bus-tickets/goa-to-satara,Goa to Satara
Atmaram Travels (Dolphin),A/C Sleeper (2+1),16:30,02:00,09h 30m,INR 1299,24 Seats available,3.9,https://www.redbus.in/bus-tickets/goa-to-satara,Goa to Satara
Atmaram Travels (Dolphin),A/C Sleeper (2+1),14:00,23:30,09h 30m,INR 1499,22 Seats available,3.9,https://www.redbus.in/bus-tickets/goa-to-satara,Goa to Satara
Atmaram Travels ( Gogte ),A/C Sleeper (2+1),19:02,04:32,09h 30m,INR 1199,18 Seats available,3.9,https://www.redbus.in/bus-tickets/goa-to-satara,Goa to Satara
"National Travels,Goa",NON A/C Sleeper (2+1),19:00,03:30,08h 30m,INR 1099,6 Seats available,3.9,https://www.redbus.in/bus-tickets/goa-to-satara,Goa to Satara
Atmaram Travels (Dolphin),A/C Sleeper (2+1),15:30,01:00,09h 30m,INR 1450,26 Seats available,3.9,https://www.redbus.in/bus-tickets/goa-to-satara,Goa to Satara
Laxmi Queen Asta,A/C Sleeper (2+1),20:30,05:30,09h 00m,INR 1199,12 Seats available,3.8,https://www.redbus.in/bus-tickets/goa-to-satara,Goa to Satara
Laxmi Empress Stellar,NON A/C Sleeper (2+1),19:45,04:15,08h 30m,INR 1099,7 Seats available,3.8,https://www.redbus.in/bus-tickets/goa-to-satara,Goa to Satara
Jay khodiyar travels,VE A/C Sleeper (2+1),15:00,23:59,08h 59m,INR 2500,42 Seats available,3.6,https://www.redbus.in/bus-tickets/goa-to-satara,Goa to Satara
PSR Travels Goa,A/C Sleeper (2+1),19:15,03:10,07h 55m,INR 999,20 Seats available,3.5,https://www.redbus.in/bus-tickets/goa-to-satara,Goa to Satara
PSR Travels (Vaibhav),A/C Sleeper (2+1),22:30,05:30,07h 00m,INR 1599,30 Seats available,3.5,https://www.redbus.in/bus-tickets/goa-to-satara,Goa to Satara
VRL Travels,A/C Sleeper (2+1),19:30,04:00,08h 30m,INR 1500,10 Seats available,3.4,https://www.redbus.in/bus-tickets/goa-to-satara,Goa to Satara
Atmaram Gobus,NON A/C Sleeper (2+1),20:01,05:16,09h 15m,INR 1099,13 Seats available,"4.1
15",https://www.redbus.in/bus-tickets/goa-to-satara,Goa to Satara
Giroba Travels (Shree),A/C Sleeper (2+1),19:00,04:30,09h 30m,INR 1099,13 Seats available,3.3,https://www.redbus.in/bus-tickets/goa-to-satara,Goa to Satara
Laxmi holidays,Bharat Benz A/C Seater /Sleeper (2+1),21:00,04:45,07h 45m,7600,1 Seat available,4.4,https://www.redbus.in/bus-tickets/goa-to-satara,Goa to Satara
IntrCity SmartBus,AC Sleeper (2+1),20:00,04:10,08h 10m,INR 1900,34 Seats available,4.4,https://www.redbus.in/bus-tickets/goa-to-satara,Goa to Satara
Manish Patil Travels,A/C Sleeper (2+1),15:30,02:00,10h 30m,INR 1400,4 Seats available,2.6,https://www.redbus.in/bus-tickets/goa-to-satara,Goa to Satara
Prasanna - Purple Bus,VE A/C Sleeper (2+1),21:00,04:00,07h 00m,INR 1395,18 Seats available,4.0,https://www.redbus.in/bus-tickets/goa-to-satara,Goa to Satara
Atmaram Travels (Vaibhav),A/C Sleeper (2+1),22:31,07:16,08h 45m,INR 1250,28 Seats available,3.9,https://www.redbus.in/bus-tickets/goa-to-satara,Goa to Satara
Atmaram Travels(GTA),A/C Sleeper (2+1),19:00,04:15,09h 15m,INR 1250,28 Seats available,3.9,https://www.redbus.in/bus-tickets/goa-to-satara,Goa to Satara
Jolly Tours and Travels,A/C Sleeper (2+1),18:30,02:30,08h 00m,INR 1450,28 Seats available,3.6,https://www.redbus.in/bus-tickets/goa-to-satara,Goa to Satara
Jolly Tours and Travels,A/C Seater (2+2),18:30,02:30,08h 00m,INR 1800,40 Seats available,3.6,https://www.redbus.in/bus-tickets/goa-to-satara,Goa to Satara
Giroba Travels (Kelkar),Non A/C Seater / Sleeper (2+1),17:45,04:30,10h 45m,INR 700,6 Seats available,3.3,https://www.redbus.in/bus-tickets/goa-to-satara,Goa to Satara
Ashray Travels,Volvo Multi-Axle Sleeper A/C (2+1),22:45,08:15,09h 30m,INR 2499,36 Seats available,3.1,https://www.redbus.in/bus-tickets/goa-to-satara,Goa to Satara
Naik Tours And Travels,NON A/C Sleeper (2+1),17:00,04:05,11h 05m,INR 1200,25 Seats available,2.8,https://www.redbus.in/bus-tickets/goa-to-satara,Goa to Satara
Naik Tours And Travels,NON A/C Sleeper (2+1),18:05,03:35,09h 30m,INR 1300,26 Seats available,2.8,https://www.redbus.in/bus-tickets/goa-to-satara,Goa to Satara
Naik Tours And Travels,NON A/C Sleeper (2+1),15:05,02:05,11h 00m,INR 1300,25 Seats available,2.8,https://www.redbus.in/bus-tickets/goa-to-satara,Goa to Satara
Manish Sharma Travels,A/C Sleeper (2+1),20:00,04:00,08h 00m,INR 1500,1 Seat available,2.6,https://www.redbus.in/bus-tickets/goa-to-satara,Goa to Satara
Kadamba Transport Corporation Limited (KTCL) - 158948,A/C Seater (2+3),13:30,14:30,01h 00m,INR 200,47 Seats available,3.6,https://www.redbus.in/bus-tickets/panaji-to-mopa-airport,Panaji to Mopa Airport
Kadamba Transport Corporation Limited (KTCL) - 158967,A/C Seater (2+3),15:55,17:00,01h 05m,INR 200,48 Seats available,"2.3
6",https://www.redbus.in/bus-tickets/panaji-to-mopa-airport,Panaji to Mopa Airport
PSR Travels Goa,A/C Sleeper (2+1),19:15,10:00,14h 45m,INR 1599,20 Seats available,"3.3
132",https://www.redbus.in/bus-tickets/goa-to-shirdi,Goa to Shirdi
Humsafar Travels,Bharat Benz A/C Sleeper (2+1),19:00,11:00,16h 00m,INR 1850,11 Seats available,"2.1
50",https://www.redbus.in/bus-tickets/goa-to-shirdi,Goa to Shirdi
Hans Travels (I) Private Limited,A/C Sleeper (2+1),12:30,04:15,15h 45m,INR 1400,4 Seats available,"1.7
17",https://www.redbus.in/bus-tickets/goa-to-shirdi,Goa to Shirdi
